{"cameraMode":{"drawMode":0,"name":"Shaded","section":"Shading Mode"},"sceneLighting":false,"audioPlay":false,"sceneViewState":{"m_AlwaysRefresh":false,"showFog":true,"showSkybox":false,"showFlares":true,"showImageEffects":true,"showParticleSystems":true,"showVisualEffectGraphs":true,"m_FxEnabled":true},"in2DMode":false,"pivot":{"x":-0.00037855515256524086,"y":0.09965566545724869,"z":0.00010619917884469032},"rotation":{"x":0.6761982440948486,"y":-0.016340171918272973,"z":0.015009659342467785,"w":0.7363969087600708},"size":1.7752254009246827,"orthographic":false}