{"cameraMode":{"drawMode":0,"name":"Shaded","section":"Shading Mode"},"sceneLighting":false,"audioPlay":false,"sceneViewState":{"m_AlwaysRefresh":false,"showFog":true,"showSkybox":false,"showFlares":true,"showImageEffects":true,"showParticleSystems":true,"showVisualEffectGraphs":true,"m_FxEnabled":true},"in2DMode":false,"pivot":{"x":-1.0844465494155884,"y":0.21412654221057893,"z":-10.919953346252442},"rotation":{"x":0.31010839343070986,"y":0.005998566281050444,"z":-0.001965293427929282,"w":0.9506973624229431},"size":7.670711040496826,"orthographic":false}