{"cameraMode":{"drawMode":0,"name":"Shaded","section":"Shading Mode"},"sceneLighting":false,"audioPlay":false,"sceneViewState":{"m_AlwaysRefresh":false,"showFog":true,"showSkybox":false,"showFlares":true,"showImageEffects":true,"showParticleSystems":true,"showVisualEffectGraphs":true,"m_FxEnabled":true},"in2DMode":false,"pivot":{"x":-15.034402847290039,"y":1.6901379823684693,"z":3.2482657432556154},"rotation":{"x":0.19599737226963044,"y":-0.09952636063098908,"z":0.019991066306829454,"w":0.9753520488739014},"size":9.020116806030274,"orthographic":false}